frequency,word
6305.0,the
5379.0,to
4882.0,a
4716.0,and
4167.0,i
3208.0,of
3066.0,for
2998.0,you
2685.0,is
2662.0,have
2427.0,in
2091.0,with
2066.0,this
1952.0,it
1949.0,so
1774.0,be
1509.0,on
1502.0,at
1457.0,my
1351.0,was
1350.0,that
1115.0,but
1109.0,we
1106.0,are
1089.0,all
1081.0,your
978.0,much
934.0,had
861.0,just
860.0,like
818.0,me
798.0,-
790.0,out
752.0,some
752.0,its
720.0,day
713.0,it's
709.0,having
707.0,our
695.0,not
639.0,do
618.0,as
607.0,more
598.0,if
581.0,when
580.0,about
577.0,up
570.0,time
554.0,from
547.0,make
524.0,what
523.0,get
516.0,"fun,"
516.0,love
513.0,they
509.0,im
501.0,one
497.0,today
488.0,can
486.0,will
483.0,great
473.0,weekend
461.0,people
424.0,an
420.0,may
419.0,no
410.0,how
409.0,by
392.0,see
391.0,i'm
388.0,night
382.0,us
380.0,really
380.0,good
378.0,new
378.0,happy
359.0,going
356.0,or
352.0,go
349.0,friday
345.0,join
344.0,game
343.0,hope
343.0,come
343.0,who
341.0,kids
339.0,know
332.0,always
332.0,games
331.0,last
330.0,now
327.0,would
320.0,he
317.0,too
315.0,has
306.0,been
301.0,there
288.0,don't
280.0,@youtube
279.0,way
277.0,making
272.0,via
271.0,thank
266.0,think
263.0,want
260.0,got
254.0,their
254.0,thanks
252.0,little
249.0,dont
249.0,back
249.0,lot
248.0,these
247.0,were
245.0,play
241.0,being
234.0,u
230.0,here
230.0,them
227.0,looking
226.0,tonight
226.0,everyone
225.0,watch
224.0,should
224.0,her
223.0,family
223.0,work
218.0,lol
216.0,week
215.0,very
214.0,because
214.0,first
208.0,made
207.0,looks
205.0,summer
203.0,also
201.0,she
200.0,only
199.0,even
198.0,why
198.0,enjoy
197.0,well
195.0,most
194.0,fact
194.0,something
193.0,friends
193.0,still
193.0,other
192.0,star
191.0,check
190.0,next
188.0,am
186.0,video
185.0,gonna
185.0,fact:
185.0,need
184.0,tomorrow
182.0,take
180.0,show
179.0,things
175.0,look
172.0,off
172.0,than
172.0,playing
172.0,life
171.0,then
171.0,while
170.0,did
167.0,best
166.0,his
166.0,2
164.0,year
164.0,such
163.0,over
162.0,lots
161.0,you're
160.0,try
160.0,free
160.0,real
159.0,guys
158.0,doing
156.0,team
156.0,could
155.0,sure
154.0,super
154.0,miss
154.0,wars
152.0,baby
151.0,live
150.0,care
150.0,right
149.0,cant
149.0,t
149.0,wanna
148.0,oh
148.0,school
147.0,sounds
147.0,actually
143.0,youre
141.0,until
141.0,times
140.0,never
138.0,getting
137.0,please
137.0,ever
136.0,him
133.0,say
133.0,after
132.0,thats
131.0,girls
130.0,morning
130.0,down
128.0,those
128.0,party
127.0,many
127.0,wait
126.0,amazing
126.0,let
126.0,into
124.0,days
124.0,home
124.0,birthday
124.0,any
123.0,big
123.0,two
123.0,every
122.0,makes
122.0,can't
121.0,where
121.0,man
121.0,watching
121.0,feel
120.0,find
119.0,:)
118.0,that's
118.0,4th
118.0,thing
115.0,shit
115.0,before
115.0,stop
114.0,glad
114.0,part
113.0,another
112.0,3
112.0,girl
112.0,someone
112.0,de
110.0,around
110.0,s
110.0,run
107.0,pretty
107.0,long
106.0,again
104.0,years
104.0,learning
103.0,bit
101.0,safe
101.0,yall
100.0,ive
99.0,children
99.0,event
99.0,music
99.0,favorite
98.0,start
97.0,food
97.0,remember
97.0,we're
97.0,nice
96.0,thought
96.0,wish
96.0,5
96.0,movie
96.0,said
96.0,ready
95.0,i've
94.0,old
94.0,working
93.0,friend
93.0,together
93.0,learn
92.0,few
92.0,stuff
92.0,students
90.0,th
90.0,cinco
89.0,keep
89.0,coming
89.0,use
89.0,holiday
89.0,w
88.0,better
87.0,both
86.0,hard
86.0,own
86.0,1
86.0,read
85.0,trying
85.0,mayo
85.0,maythe4thbewithyou
85.0,full
84.0,awesome
84.0,app
83.0,10
83.0,put
83.0,which
83.0,same
83.0,give
82.0,hand
82.0,f
82.0,went
82.0,celebrate
82.0,talk
81.0,","
80.0,hey
80.0,done
80.0,4
80.0,since
80.0,group
80.0,cool
80.0,cute
80.0,bank
79.0,lets
78.0,yeah
78.0,excited
78.0,2018
77.0,help
77.0,p
77.0,yesterday
77.0,money
77.0,class
77.0,open
76.0,twitter
76.0,)
76.0,though
75.0,hang
75.0,maybe
75.0,meet
75.0,adult
74.0,gaming
73.0,m
73.0,world
73.0,funny
72.0,experience
72.0,through
72.0,omg
72.0,might
72.0,let's
71.0,away
71.0,bring
71.0,sun
71.0,whole
70.0,without
70.0,house
69.0,yes
69.0,does
69.0,seeing
69.0,end
69.0,@
69.0,call
69.0,b
69.0,online
68.0,anything
68.0,stay
68.0,starwarsday
67.0,taking
67.0,book
66.0,:
66.0,n
66.0,used
66.0,win
65.0,forward
65.0,lmao
65.0,x
65.0,tell
65.0,beautiful
65.0,guy
65.0,sign
64.0,reading
64.0,season
64.0,place
63.0,stream
63.0,post
63.0,here's
62.0,each
62.0,o
62.0,park
62.0,mean
61.0,bad
61.0,anyone
61.0,trip
60.0,sister
60.0,club
60.0,ass
60.0,starwars
60.0,i'll
60.0,didn't
60.0,d
60.0,far
60.0,story
59.0,god
59.0,guess
59.0,ha
59.0,everything
59.0,community
58.0,wow
58.0,ok
58.0,activities
57.0,started
57.0,dress
57.0,forget
57.0,saturday
57.0,fans
57.0,bc
57.0,hot
57.0,facts
57.0,ill
57.0,share
57.0,kind
56.0,during
56.0,soon
56.0,high
56.0,la
56.0,reflex
56.0,gets
56.0,using
56.0,fruity
55.0,didnt
55.0,adventure
55.0,photo
54.0,seems
54.0,support
54.0,haha
54.0,ur
54.0,sometimes
54.0,set
54.0,art
54.0,cause
54.0,idea
54.0,boys
54.0,fu
53.0,liked
53.0,myself
53.0,job
53.0,tho
53.0,person
52.0,young
52.0,definitely
52.0,visit
52.0,finally
52.0,they're
52.0,fuck
52.0,festival
52.0,naughty
52.0,camp
52.0,chance
52.0,field
51.0,r
51.0,hate
51.0,month
51.0,least
51.0,easy
51.0,top
51.0,loved
51.0,doesn't
50.0,enjoyed
50.0,sunday
50.0,"you,"
50.0,must
50.0,isnt
50.0,city
50.0,follow
50.0,fair
49.0,feeling
49.0,e
49.0,fucking
49.0,events
49.0,dance
49.0,yourself
48.0,literally
48.0,came
48.0,spring
48.0,hi
48.0,sorry
48.0,afternoon
48.0,once
48.0,weeks
48.0,&gt
48.0,almost
47.0,spend
47.0,song
47.0,played
47.0,talking
47.0,already
47.0,water
47.0,enough
47.0,wanted
47.0,saw
46.0,okay
46.0,perfect
46.0,ya
46.0,says
46.0,@thetoyinsider
46.0,probably
46.0,ice
46.0,especially
46.0,co/fyxwk2djim
46.0,head
46.0,"nearby,"
46.0,what's
45.0,name
45.0,hit
45.0,videos
45.0,less
45.0,along
45.0,car
45.0,yet
45.0,newborn
45.0,hours
45.0,mom
44.0,saying
44.0,annual
44.0,course
44.0,sound
44.0,h
43.0,movies
43.0,till
43.0,called
43.0,theyre
43.0,@nctsmtown_127
43.0,|
43.0,eat
43.0,"it,"
43.0,hear
43.0,thinking
42.0,evening
42.0,ones
42.0,ago
42.0,crazy
42.0,hes
42.0,room
42.0,beauty
42.0,hell
42.0,prom
42.0,wants
41.0,bet
41.0,true
41.0,7
41.0,episode
41.0,couple
41.0,grade
41.0,fan
41.0,challenge
41.0,c
41.0,shoot
41.0,dog
41.0,"well,"
40.0,cincodemayo
40.0,fantastic
40.0,createflavoredbubbles
40.0,white
40.0,badoo
40.0,sad
40.0,ways
40.0,fourth
40.0,dating
40.0,luck
40.0,nothing
39.0,theater
39.0,parents
39.0,he's
39.0,starts
39.0,face
39.0,6
39.0,+
39.0,drink
39.0,welcome
39.0,pictures
39.0,weather
39.0,doctor
39.0,local
39.0,/
39.0,(and
38.0,exciting
38.0,isn't
38.0,"today,"
38.0,&lt
38.0,took
38.0,tons
38.0,comes
38.0,special
38.0,else
38.0,gorgeous
38.0,wonderful
38.0,activity
37.0,point
37.0,l
37.0,social
37.0,damn
37.0,whats
37.0,date
37.0,creative
36.0,sharing
36.0,aint
36.0,hour
36.0,imagine
36.0,happening
36.0,boy
36.0,ride
36.0,doesnt
36.0,able
36.0,different
36.0,news
36.0,lovely
36.0,living
36.0,gotta
36.0,outside
36.0,writing
35.0,mad
35.0,celebrating
35.0,smile
35.0,filled
35.0,chat
35.0,running
35.0,tried
35.0,found
35.0,film
35.0,concert
35.0,lunch
35.0,listen
34.0,wrong
34.0,drive
34.0,we'll
34.0,phone
34.0,waiting
34.0,starting
34.0,:d
34.0,barbie
34.0,magic
34.0,huge
34.0,fortnite
34.0,behind
34.0,hair
34.0,between
34.0,design
34.0,instead
34.0,dude
34.0,colors
33.0,science
33.0,rain
33.0,there's
33.0,st
33.0,series
33.0,leave
33.0,pm
33.0,pick
33.0,enjoying
33.0,"yeah,"
33.0,office
33.0,trump
33.0,plans
33.0,ask
33.0,bitch
33.0,finished
33.0,storytime
33.0,june
33.0,line
33.0,interesting
32.0,second
32.0,half
32.0,messy
32.0,tingz
32.0,short
32.0,@realdonaldtrump
32.0,6th
32.0,seriously
32.0,early
32.0,side
32.0,interview
32.0,hello
32.0,y
32.0,future
32.0,alone
32.0,pango
32.0,ladies
31.0,media
31.0,catch
31.0,i'd
31.0,added
31.0,tweet
31.0,rest
31.0,sense
31.0,walk
31.0,seem
31.0,id
31.0,laugh
31.0,honestly
31.0,boss
31.0,left
30.0,turn
30.0,drunk
30.0,black
30.0,theres
30.0,business
30.0,buy
30.0,"weekend,"
30.0,g
30.0,google
30.0,kinda
30.0,yo
30.0,loads
30.0,become
30.0,cream
30.0,haven't
30.0,dad
30.0,born
30.0,late
30.0,space
30.0,sexy
30.0,sushi
30.0,shes
30.0,draw
30.0,"friday,"
30.0,begin
30.0,sex
30.0,quite
30.0,dark
30.0,sleep
30.0,stupid
29.0,"wow,"
29.0,agree
29.0,ton
29.0,teaching
29.0,wonder
29.0,war
29.0,needs
29.0,college
29.0,matter
29.0,body
29.0,send
29.0,helper
29.0,travel
29.0,iphone
29.0,pics
29.0,style
29.0,8
29.0,small
29.0,daddy's
29.0,understand
29.0,joining
29.0,giving
29.0,cooking
29.0,delicious
28.0,fun:
28.0,tour
28.0,missed
28.0,makeup
28.0,women
28.0,link
28.0,level
28.0,bar
28.0,totally
28.0,ahead
28.0,session
28.0,create
28.0,we've
28.0,"food,"
28.0,gone
28.0,me:
28.0,sick
28.0,self
28.0,wear
28.0,supposed
28.0,cat
28.0,single
28.0,ppl
28.0,coach
28.0,final
28.0,maythefourthbewithyou
28.0,dream
28.0,congrats
28.0,dancing
28.0,ideas
28.0,idk
28.0,sweet
28.0,facebook
28.0,she's
28.0,kid
27.0,1st
27.0,memories
27.0,worth
27.0,proud
27.0,characters
27.0,important
27.0,words
27.0,opening
27.0,educational
27.0,review
27.0,believe
27.0,told
27.0,wine
27.0,power
27.0,busy
27.0,beach
27.0,double
27.0,mrs
27.0,anymore
27.0,monday
27.0,seen
27.0,you've
27.0,heard
27.0,deserve
27.0,break
27.0,podcast
27.0,fight
27.0,"me,"
27.0,books
27.0,won
27.0,build
27.0,lost
27.0,blast
27.0,lil
27.0,congratulations
27.0,men
27.0,spot
27.0,road
27.0,friendly
27.0,race
27.0,tickets
27.0,youll
27.0,others
26.0,watched
26.0,goes
26.0,3rd
26.0,dumb
26.0,plan
26.0,later
26.0,beat
26.0,photos
26.0,reason
26.0,looked
26.0,w/
26.0,whatever
26.0,truly
26.0,"now,"
26.0,meeting
26.0,k
26.0,red
26.0,wishing
26.0,players
26.0,problem
26.0,wedding
26.0,planned
26.0,register
26.0,derby
26.0,against
26.0,force
26.0,realize
25.0,project
25.0,grab
25.0,serious
25.0,loving
25.0,means
25.0,outdoor
25.0,shows
25.0,"day,"
25.0,putting
25.0,hosting
25.0,ms
25.0,career
25.0,heres
25.0,area
25.0,golf
25.0,missing
25.0,add
25.0,y'all
25.0,sports
25.0,nights
24.0,driving
24.0,5th
24.0,mind
24.0,staff
24.0,weird
24.0,student
24.0,"man,"
24.0,health
24.0,currently
24.0,planning
24.0,either
24.0,5k
24.0,li
24.0,age
24.0,math
24.0,solo
24.0,9
24.0,eating
24.0,account
24.0,boring
24.0,move
24.0,pay
24.0,asked
24.0,picture
24.0,exploring
24.0,football
24.0,sale
24.0,latest
24.0,building
24.0,country
24.0,south
24.0,store
24.0,under
23.0,lasted
23.0,celebration
23.0,dm
23.0,you'll
23.0,nickiday2
23.0,knows
23.0,center
23.0,often
23.0,xx
23.0,heart
23.0,dogs
23.0,past
23.0,yay
23.0,bringing
23.0,program
23.0,:(
23.0,2nd
23.0,mark
23.0,havent
23.0,"friends,"
23.0,sitting
23.0,"fact,"
23.0,sit
23.0,brother
23.0,act
23.0,lucky
23.0,maythefourth
23.0,12
23.0,tweets
23.0,finals
23.0,light
23.0,senior
23.0,change
23.0,v
22.0,match
22.0,classes
22.0,ga
22.0,bro
22.0,drop
22.0,low
22.0,state
22.0,brilliant
22.0,street
22.0,members
22.0,gay
22.0,town
22.0,drawing
22.0,question
22.0,north
22.0,including
22.0,fridays
22.0,training
22.0,teacher
22.0,helping
22.0,"music,"
22.0,london
22.0,pls
22.0,close
22.0,broadcasting
22.0,dear
22.0,three
22.0,plus
22.0,shot
22.0,sooo
22.0,case
22.0,cuz
22.0,air
22.0,round
22.0,princess
22.0,entire
22.0,usually
21.0,bed
21.0,",come"
21.0,smart
21.0,listening
21.0,screen
21.0,hilarious
21.0,decided
21.0,pass
21.0,"hey,"
21.0,jokes
21.0,50
21.0,history
21.0,retweet
21.0,child
21.0,calling
21.0,forgot
21.0,piece
21.0,nobody
21.0,type
21.0,fake
21.0,happened
21.0,mine
21.0,it'll
21.0,studio
21.0,national
21.0,"so,"
21.0,conference
21.0,folks
21.0,wasnt
21.0,content
21.0,board
21.0,minutes
21.0,rock
21.0,hopefully
21.0,tbh
21.0,character
21.0,shooting
21.0,tired
21.0,bunch
21.0,youve
21.0,takes
21.0,public
21.0,extra
21.0,mr
21.0,fitness
21.0,(
21.0,strong
21.0,write
21.0,fast
21.0,buddy
20.0,order
20.0,charity
20.0,daily
20.0,bike
20.0,showing
20.0,18
20.0,page
20.0,joke
20.0,sunshine
20.0,vs
20.0,playtime
20.0,allowed
20.0,dr
20.0,success
20.0,af
20.0,blog
20.0,who's
20.0,cartoon
20.0,creating
20.0,surprise
20.0,@bts_twt
20.0,mode
20.0,version
20.0,"time,"
20.0,anyway
20.0,"oh,"
20.0,gift
20.0,save
20.0,library
20.0,drinking
20.0,middle
20.0,talented
20.0,west
20.0,across
20.0,available
20.0,tech
19.0,15
19.0,comedy
19.0,wouldn't
19.0,ma
19.0,hanging
19.0,box
19.0,healthy
19.0,ain't
19.0,journey
19.0,needed
19.0,projects
19.0,streaming
19.0,service
19.0,simple
19.0,concept
19.0,number
19.0,wasn't
19.0,colorful
19.0,fashion
19.0,fest
19.0,bored
19.0,wild
19.0,mix
19.0,shop
19.0,thinks
19.0,unique
19.0,gives
19.0,"saturday,"
19.0,dinner
19.0,@nickiminaj
19.0,bankholidayweekend
19.0,20
19.0,fabulous
19.0,taken
19.0,"no,"
19.0,list
19.0,company
19.0,met
19.0,scenes
19.0,tuesday
19.0,"out,"
19.0,hands
19.0,telling
19.0,lady
19.0,tweeting
18.0,~
18.0,four
18.0,crew
18.0,completely
18.0,100%
18.0,kindergarten
18.0,primary
18.0,maythe4th
18.0,nature
18.0,absolutely
18.0,clean
18.0,favourite
18.0,graduation
18.0,deal
18.0,disney
18.0,instagram
18.0,ed
18.0,today's
18.0,english
18.0,baseball
18.0,action
18.0,drinks
18.0,lives
18.0,mother
18.0,ended
18.0,won't
18.0,click
18.0,nct
18.0,quote
18.0,posts
18.0,inside
18.0,stylist
18.0,"also,"
18.0,everybody
18.0,main
18.0,popcorn
18.0,elementary
18.0,spent
18.0,shall
18.0,incredible
18.0,straight
18.0,"activities,"
18.0,exactly
18.0,random
18.0,biggest
18.0,beer
18.0,enter
18.0,chill
18.0,fine
18.0,felt
17.0,campaign
17.0,stage
17.0,league
17.0,vacation
17.0,channel
17.0,track
17.0,himself
17.0,laughing
17.0,begins
17.0,language
17.0,sunny
17.0,nyc
17.0,themed
17.0,months
17.0,co
17.0,poking
17.0,front
17.0,yoga
17.0,playlist
17.0,police
17.0,word
17.0,fire
17.0,earn
17.0,"games,"
17.0,vr
17.0,form
17.0,giveaway
17.0,edu
17.0,cannot
17.0,classic
17.0,sent
17.0,woman
17.0,ugh
17.0,comic
17.0,twitch
17.0,moment
17.0,reality
17.0,fix
17.0,knew
17.0,salon
17.0,fab
17.0,aww
17.0,garden
17.0,below
17.0,upcoming
17.0,boom
17.0,rather
17.0,kick
17.0,stories
17.0,son
17.0,thread
17.0,ball
17.0,update
17.0,competition
17.0,wont
17.0,april
17.0,couldnt
17.0,ki
17.0,followers
17.0,youtube
16.0,lovers
16.0,silly
16.0,stem
16.0,hella
16.0,voice
16.0,bag
16.0,hat
16.0,code
16.0,feels
16.0,appreciate
16.0,throw
16.0,treat
16.0,happen
16.0,practice
16.0,ulta
16.0,attending
16.0,deep
16.0,hunt
16.0,"them,"
16.0,racing
16.0,somewhere
16.0,places
16.0,honor
16.0,"safe,"
16.0,"yes,"
16.0,although
16.0,parties
16.0,jesus
16.0,-fun
16.0,quick
16.0,county
16.0,paint
16.0,glass
16.0,radio
16.0,hurt
16.0,relax
16.0,"up,"
16.0,teachers
16.0,plenty
16.0,tournament
16.0,al
16.0,ad
16.0,created
16.0,study
16.0,30
16.0,re
16.0,@starwars
16.0,lake
16.0,kentucky
16.0,fit
16.0,quiz
16.0,obviously
16.0,ends
16.0,tgif
16.0,"life,"
16.0,"work,"
16.0,"this,"
16.0,singing
16.0,tag
16.0,porn
16.0,learned
16.0,marketing
16.0,ta
15.0,epic
15.0,supporting
15.0,location
15.0,painting
15.0,earth
15.0,jobs
15.0,meant
15.0,culture
15.0,nearly
15.0,forest
15.0,battle
15.0,pizza
15.0,posted
15.0,adventures
15.0,actual
15.0,energy
15.0,drama
15.0,relaxing
15.0,fresh
15.0,wi
15.0,wa
15.0,gun
15.0,blue
15.0,eyes
15.0,em
15.0,happens
15.0,cars
15.0,cold
15.0,joy
15.0,yum
15.0,train
15.0,moments
15.0,reminder
15.0,bankholiday
15.0,alot
15.0,fam
15.0,bubbles
15.0,anniversary
15.0,opportunity
15.0,"year,"
15.0,pack
15.0,tryna
15.0,breaking
15.0,dj
15.0,growing
15.0,bout
15.0,gloria
15.0,ca
15.0,church
15.0,pool
15.0,san
15.0,11
15.0,education
15.0,fiesta
15.0,themselves
15.0,sat
15.0,trust
15.0,swear
15.0,ages
15.0,due
15.0,wouldnt
15.0,law
15.0,green
15.0,paper
15.0,teams
15.0,toys
15.0,sucks
15.0,finding
15.0,human
15.0,table
15.0,launch
15.0,todays
15.0,worked
15.0,interested
15.0,=
14.0,loves
14.0,skills
14.0,whether
14.0,moms
14.0,record
14.0,speaking
14.0,answer
14.0,tabtale
14.0,broken
14.0,flying
14.0,apparently
14.0,yea
14.0,boss-
14.0,aren't
14.0,crying
14.0,involved
14.0,gave
14.0,animals
14.0,raise
14.0,chicago
14.0,alright
14.0,texas
14.0,wanting
14.0,hahaha
14.0,havin
14.0,moving
14.0,etc
14.0,selfie
14.0,amount
14.0,performing
14.0,"but,"
14.0,walking
14.0,trips
14.0,pop
14.0,keeping
14.0,scene
14.0,likes
14.0,winner
14.0,busted
14.0,wearing
14.0,turns
14.0,j
14.0,weve
14.0,--
14.0,american
14.0,jealous
14.0,ah
14.0,theme
14.0,land
14.0,earlier
14.0,stand
14.0,"that,"
14.0,thursday
14.0,"game,"
14.0,keeps
14.0,eye
14.0,mood
14.0,several
14.0,wall
14.0,gym
14.0,quality
14.0,snapchat
14.0,details
14.0,florida
14.0,"week,"
14.0,continue
14.0,xd
14.0,horny
14.0,research
14.0,soda
14.0,teach
14.0,hiring
13.0,til
13.0,tips
13.0,"too,"
13.0,artists
13.0,recommend
13.0,visiting
13.0,horse
13.0,officially
13.0,consider
13.0,ruin
13.0,youth
13.0,winning
13.0,stopped
13.0,kitchen
13.0,fantasy
13.0,ten
13.0,flight
13.0,friday:
13.0,annoying
13.0,trash
13.0,fellow
13.0,card
13.0,splash
13.0,die
13.0,apple
13.0,fo
13.0,recording
13.0,fall
13.0,fear
13.0,questions
13.0,sea
13.0,retail
13.0,edition
13.0,:-)
13.0,pro
13.0,"fresh,"
13.0,fr
13.0,lose
13.0,est
13.0,fish
13.0,12th
13.0,coffee
13.0,daughter
13.0,mention
13.0,recipe
13.0,changes
13.0,surprised
13.0,grow
13.0,test
13.0,xxx
13.0,camera
13.0,unless
13.0,tough
13.0,alcohol
13.0,mike
13.0,shopping
13.0,sing
13.0,booth
13.0,clothes
13.0,forever
13.0,pic
13.0,title
13.0,"all,"
13.0,album
13.0,irl
13.0,retirement
13.0,cut
13.0,earned
13.0,lately
13.0,binance
13.0,here:
13.0,junior
13.0,bird
13.0,goals
13.0,raised
13.0,respect
13.0,rules
13.0,comment
13.0,"thanks,"
13.0,sold
13.0,death
13.0,dead
13.0,"people,"
13.0,mate
13.0,tv
13.0,dick
13.0,natural
13.0,july
13.0,clearly
13.0,letting
13.0,everywhere
13.0,cheers
13.0,dallas
13.0,alex
13.0,tha
13.0,suppose
12.0,fridayfeeling
12.0,hop
12.0,view
12.0,toy
12.0,market
12.0,candy
12.0,popular
12.0,bitcoin
12.0,known
12.0,closer
12.0,usual
12.0,acting
12.0,@stormydaniels
12.0,works
12.0,8th
12.0,faces
12.0,bus
12.0,tea
12.0,female
12.0,19
12.0,twice
12.0,wit
12.0,hockey
12.0,tom
12.0,engaging
12.0,roll
12.0,@potus
12.0,playground
12.0,opinion
12.0,rip
12.0,install
12.0,fancy
12.0,key
12.0,prizes
12.0,"is,"
12.0,"tonight,"
12.0,relationship
12.0,john
12.0,yard
12.0,wars-themed
12.0,babe
12.0,color
12.0,seemed
12.0,stress
12.0,smiling
12.0,army
12.0,data
12.0,diy
12.0,boat
12.0,featuring
12.0,cover
12.0,simply
12.0,catching
12.0,attention
12.0,coding
12.0,trail
12.0,foodie
12.0,presentation
12.0,pleasure
12.0,babies
12.0,graders
12.0,reasons
12.0,steam
12.0,thomas
12.0,yours
12.0,nufc
12.0,workshop
12.0,turned
12.0,@titanicsinclair
12.0,vegas
12.0,collection
12.0,knowing
12.0,fun)
12.0,shirt
12.0,itll
12.0,vibe
12.0,hotel
12.0,cats
12.0,arent
12.0,airport
12.0,floor
12.0,apart
12.0,bee
12.0,release
12.0,tiny
12.0,stuck
12.0,chocolate
12.0,smh
12.0,bbq
12.0,pet
12.0,pull
12.0,2016
12.0,10th
12.0,@pubg_help
12.0,international
12.0,cry
12.0,boo
12.0,nicki
12.0,memes
12.0,mess
12.0,player
12.0,pub
12.0,ate
11.0,boston
11.0,drake
11.0,block
11.0,fighting
11.0,paid
11.0,official
11.0,bright
11.0,variety
11.0,mexican
11.0,zoo
11.0,dirty
11.0,hold
11.0,following
11.0,breakfast
11.0,museum
11.0,eve
11.0,response
11.0,offer
11.0,barbietingz
11.0,finish
11.0,original
11.0,hero
11.0,internet
11.0,possible
11.0,21
11.0,cards
11.0,theatre
11.0,pe
11.0,brain
11.0,excitement
11.0,fly
11.0,lmfao
11.0,bitches
11.0,mostly
11.0,normal
11.0,attend
11.0,flies
11.0,throwing
11.0,blood
11.0,whos
11.0,profit
11.0,basketball
11.0,minute
11.0,buying
11.0,beyond
11.0,guns
11.0,older
11.0,jedi
11.0,semester
11.0,prison
11.0,sessions
11.0,jack
11.0,sisters
11.0,pure
11.0,heading
11.0,underway
11.0,extremely
11.0,filming
11.0,bts
11.0,sport
11.0,sneak
11.0,paying
11.0,shots
11.0,"good,"
11.0,humour
11.0,cup
11.0,tongue
11.0,funds
11.0,choose
11.0,"us,"
11.0,wake
11.0,wrote
11.0,hoping
11.0,weekends
11.0,industry
11.0,truth
11.0,warm
11.0,conversation
11.0,7th
11.0,ticket
11.0,@nra
11.0,return
11.0,"know,"
11.0,harry
11.0,stick
11.0,election
11.0,digital
11.0,grand
11.0,"way,"
11.0,difference
11.0,sis
11.0,sir
11.0,helps
11.0,target
11.0,craft
11.0,brings
11.0,entertaining
11.0,based
11.0,band
11.0,killing
11.0,bighit
11.0,cost
11.0,atlanta
11.0,"like,"
11.0,animal
11.0,discuss
11.0,au
11.0,creek
11.0,monster
11.0,parade
11.0,held
11.0,leading
11.0,cleaning
11.0,mothers
11.0,cycling
11.0,era
11.0,changing
11.0,james
11.0,invite
11.0,chun
11.0,parts
